label,m,N,mode,reuse,phase,disk_accesses,avg_io_per_op,wall_ms,cpu_user_ms,cpu_sys_ms,io_wait_ms,height,total_nodes,free_nodes,file_bytes
order_impact,3,100000,rand,1,insert,1689553,16.8955,2009.2055,621.0960,1492.9710,0.0000,14,74599,0,2088800
order_impact,3,100000,rand,1,search,1325415,13.2541,1606.9710,463.8910,1227.0250,0.0000,14,74599,0,2088800
order_impact,3,100000,rand,1,delete,1967284,19.6728,4160.1260,675.6530,1804.0390,1680.4340,0,74599,74599,2088800
order_impact,3,100000,seq,1,insert,1968864,19.6886,1887.9669,517.0410,1470.2780,0.0000,16,99994,0,2799860
order_impact,3,100000,seq,1,search,1500022,15.0002,1037.0296,391.0090,701.6500,0.0000,16,99994,0,2799860
order_impact,3,100000,seq,1,delete,2066210,20.6621,2359.1830,658.4590,1827.2730,0.0000,0,99994,99994,2799860
order_impact,4,100000,rand,1,insert,1351344,13.5134,1510.9645,377.9450,1214.0720,0.0000,11,52034,0,1873260
order_impact,4,100000,rand,1,search,1047977,10.4798,829.4065,223.9250,650.7400,0.0000,11,52034,0,1873260
order_impact,4,100000,rand,1,delete,1676280,16.7628,2044.7609,569.2080,1601.9570,0.0000,0,52034,52034,1873260
order_impact,4,100000,seq,1,insert,1903303,19.0330,1835.3112,534.1330,1414.7500,0.0000,16,99980,0,3599316
order_impact,4,100000,seq,1,search,1500036,15.0004,886.7289,302.4210,639.1740,0.0000,16,99980,0,3599316
order_impact,4,100000,seq,1,delete,2056208,20.5621,2514.9191,653.0420,2017.3140,0.0000,0,99980,99980,3599316
order_impact,5,100000,rand,1,insert,1150109,11.5011,1325.6538,413.8580,986.7720,0.0000,9,36986,0,1627428
order_impact,5,100000,rand,1,search,863023,8.6302,536.0313,139.4890,426.8630,0.0000,9,36986,0,1627428
order_impact,5,100000,rand,1,delete,1351499,13.5150,1669.2480,459.8720,1303.7820,0.0000,0,36986,36986,1627428
order_impact,5,100000,seq,1,insert,1290907,12.9091,1240.4682,366.9300,943.6900,0.0000,10,49995,0,2199824
order_impact,5,100000,seq,1,search,950015,9.5001,567.1292,160.3530,438.8540,0.0000,10,49995,0,2199824
order_impact,5,100000,seq,1,delete,1413970,14.1397,1672.0772,464.8170,1301.4350,0.0000,0,49995,49995,2199824
order_impact,8,100000,rand,1,insert,904938,9.0494,1106.5896,297.9040,866.3560,0.0000,7,21247,0,1444864
order_impact,8,100000,rand,1,search,678760,6.7876,416.9373,134.8960,303.7980,0.0000,7,21247,0,1444864
order_impact,8,100000,rand,1,delete,1091305,10.9131,1332.1151,273.6580,1127.9500,0.0000,0,21247,21247,1444864
order_impact,8,100000,seq,1,insert,1048991,10.4899,1006.0324,268.0200,790.5030,0.0000,8,33328,0,2266372
order_impact,8,100000,seq,1,search,766680,7.6668,472.5640,151.6600,345.5630,0.0000,8,33328,0,2266372
order_impact,8,100000,seq,1,delete,1156465,11.5647,3247.5123,395.0290,1117.8920,1734.5913,0,33328,33328,2266372
order_impact,16,100000,rand,1,insert,700497,7.0050,812.2508,214.9450,639.2030,0.0000,5,9707,0,1281456
order_impact,16,100000,rand,1,search,490298,4.9030,365.7593,138.1270,246.4900,0.0000,5,9707,0,1281456
order_impact,16,100000,rand,1,delete,816083,8.1608,1050.3522,223.1710,879.5400,0.0000,0,9707,9707,1281456
order_impact,16,100000,seq,1,insert,762587,7.6259,673.1871,163.5140,544.3900,0.0000,6,14284,0,1885620
order_impact,16,100000,seq,1,search,585722,5.8572,344.8680,133.7900,228.8400,0.0000,6,14284,0,1885620
order_impact,16,100000,seq,1,delete,844506,8.4451,1079.3416,294.2470,840.7180,0.0000,0,14284,14284,1885620
order_impact,32,100000,rand,1,insert,594785,5.9478,659.2904,145.5220,547.7120,0.0000,4,4682,0,1217580
order_impact,32,100000,rand,1,search,395322,3.9532,313.9805,114.0000,219.7800,0.0000,4,4682,0,1217580
order_impact,32,100000,rand,1,delete,676737,6.7674,842.8174,336.3150,563.5860,0.0000,0,4682,4682,1217580
order_impact,32,100000,seq,1,insert,610954,6.1095,486.7174,272.1610,247.6080,0.0000,4,6665,0,1733160
order_impact,32,100000,seq,1,search,393339,3.9334,267.4327,132.1160,153.4690,0.0000,4,6665,0,1733160
order_impact,32,100000,seq,1,delete,693050,6.9305,926.7047,341.1700,648.4440,0.0000,0,6665,6665,1733160
order_impact,64,100000,rand,1,insert,503786,5.0379,517.6414,183.3320,369.4210,0.0000,3,2274,0,1173900
order_impact,64,100000,rand,1,search,297729,2.9773,285.9951,118.9080,186.4940,0.0000,3,2274,0,1173900
order_impact,64,100000,rand,1,delete,563772,5.6377,739.8835,226.2950,563.8120,0.0000,0,2274,2274,1173900
order_impact,64,100000,seq,1,insert,540925,5.4093,440.1751,170.1300,299.9100,0.0000,4,3226,0,1665132
order_impact,64,100000,seq,1,search,396778,3.9678,246.5336,114.7630,148.5110,0.0000,4,3226,0,1665132
order_impact,64,100000,seq,1,delete,578573,5.7857,774.7236,321.4960,505.8180,0.0000,0,3226,3226,1665132
order_impact,100,100000,rand,1,insert,497363,4.9736,520.0621,149.2740,400.5400,0.0000,3,1440,0,1158564
order_impact,100,100000,rand,1,search,298563,2.9856,215.6602,75.9860,152.0060,0.0000,3,1440,0,1158564
order_impact,100,100000,rand,1,delete,550943,5.5094,744.4333,220.0380,566.9800,0.0000,0,1440,1440,1158564
order_impact,100,100000,seq,1,insert,500957,5.0096,420.0107,104.7650,339.2810,0.0000,3,2040,0,1640964
order_impact,100,100000,seq,1,search,297963,2.9796,210.1396,88.3040,133.8510,0.0000,3,2040,0,1640964
order_impact,100,100000,seq,1,delete,562089,5.6209,793.6636,245.7470,593.1860,0.0000,0,2040,2040,1640964
order_impact,128,100000,rand,1,insert,491615,4.9162,579.6973,161.7570,451.0680,0.0000,3,1116,0,1148276
order_impact,128,100000,rand,1,search,298887,2.9889,225.0579,89.0830,148.8480,0.0000,3,1116,0,1148276
order_impact,128,100000,rand,1,delete,540522,5.4052,793.3775,241.4680,597.2910,0.0000,0,1116,1116,1148276
order_impact,128,100000,seq,1,insert,496364,4.9636,423.8057,96.4030,351.6400,0.0000,3,1587,0,1632464
order_impact,128,100000,seq,1,search,298416,2.9842,213.3463,106.2310,119.3220,0.0000,3,1587,0,1632464
order_impact,128,100000,seq,1,delete,557525,5.5752,777.5338,261.4020,560.6090,0.0000,0,1587,1587,1632464
order_impact,256,100000,rand,1,insert,457088,4.5709,535.4792,137.9290,426.7910,0.0000,3,542,0,1114236
order_impact,256,100000,rand,1,search,299461,2.9946,314.8204,105.1480,226.8520,0.0000,3,542,0,1114236
order_impact,256,100000,rand,1,delete,500226,5.0023,741.7295,189.1930,592.9940,0.0000,0,542,542,1114236
order_impact,256,100000,seq,1,insert,469199,4.6920,490.2437,95.7590,421.2560,0.0000,3,788,0,1619028
order_impact,256,100000,seq,1,search,299215,2.9922,249.0339,114.1420,148.4890,0.0000,3,788,0,1619028
order_impact,256,100000,seq,1,delete,512818,5.1282,783.4108,185.4240,640.7480,0.0000,0,788,788,1619028
order_impact,512,100000,rand,1,insert,400265,4.0027,563.8050,210.7660,383.8310,0.0000,2,262,0,1078300
order_impact,512,100000,rand,1,search,199740,1.9974,217.3777,97.5580,131.6900,0.0000,2,262,0,1078300
order_impact,512,100000,rand,1,delete,440818,4.4082,2608.8089,210.1820,582.1700,1816.4569,0,262,262,1078300
order_impact,512,100000,seq,1,insert,400652,4.0065,491.0968,129.7110,388.1720,0.0000,2,391,0,1607200
order_impact,512,100000,seq,1,search,199611,1.9961,218.4458,102.0560,128.3180,0.0000,2,391,0,1607200
order_impact,512,100000,seq,1,delete,445468,4.4547,831.1088,241.4030,625.1030,0.0000,0,391,391,1607200
order_impact,1000,100000,rand,1,insert,399378,3.9938,835.9986,263.9840,605.7700,0.0000,2,129,0,1040520
order_impact,1000,100000,rand,1,search,199873,1.9987,250.0848,161.8130,98.4040,0.0000,2,129,0,1040520
order_impact,1000,100000,rand,1,delete,434004,4.3400,870.1192,265.6260,639.7330,0.0000,0,129,129,1040520
order_impact,1000,100000,seq,1,insert,399594,3.9959,779.5337,319.6120,491.5070,0.0000,2,201,0,1616808
order_impact,1000,100000,seq,1,search,199801,1.9980,235.9002,120.6740,124.7850,0.0000,2,201,0,1616808
order_impact,1000,100000,seq,1,delete,456802,4.5680,950.3948,332.2810,656.6120,0.0000,0,201,201,1616808
